--
-- PostgreSQL database dump
--

-- Dumped from database version 10.6 (Ubuntu 10.6-0ubuntu0.18.04.1)
-- Dumped by pg_dump version 10.6 (Ubuntu 10.6-0ubuntu0.18.04.1)

SET statement_timeout = 0;
SET lock_timeout = 0;
SET idle_in_transaction_session_timeout = 0;
SET client_encoding = 'UTF8';
SET standard_conforming_strings = on;
SELECT pg_catalog.set_config('search_path', '', false);
SET check_function_bodies = false;
SET client_min_messages = warning;
SET row_security = off;

--
-- Name: plpgsql; Type: EXTENSION; Schema: -; Owner: 
--

CREATE EXTENSION IF NOT EXISTS plpgsql WITH SCHEMA pg_catalog;


--
-- Name: EXTENSION plpgsql; Type: COMMENT; Schema: -; Owner: 
--

COMMENT ON EXTENSION plpgsql IS 'PL/pgSQL procedural language';


SET default_tablespace = '';

SET default_with_oids = false;

--
-- Name: cities; Type: TABLE; Schema: public; Owner: vagrant
--

CREATE TABLE public.cities (
    name character varying(64) NOT NULL,
    lon double precision NOT NULL,
    lat double precision NOT NULL,
    country_code character varying(2),
    timezone character varying(64)
);


ALTER TABLE public.cities OWNER TO vagrant;

--
-- Name: liked_trips; Type: TABLE; Schema: public; Owner: vagrant
--

CREATE TABLE public.liked_trips (
    trip_id integer NOT NULL
);


ALTER TABLE public.liked_trips OWNER TO vagrant;

--
-- Name: liked_trips_trip_id_seq; Type: SEQUENCE; Schema: public; Owner: vagrant
--

CREATE SEQUENCE public.liked_trips_trip_id_seq
    AS integer
    START WITH 1
    INCREMENT BY 1
    NO MINVALUE
    NO MAXVALUE
    CACHE 1;


ALTER TABLE public.liked_trips_trip_id_seq OWNER TO vagrant;

--
-- Name: liked_trips_trip_id_seq; Type: SEQUENCE OWNED BY; Schema: public; Owner: vagrant
--

ALTER SEQUENCE public.liked_trips_trip_id_seq OWNED BY public.liked_trips.trip_id;


--
-- Name: photos; Type: TABLE; Schema: public; Owner: vagrant
--

CREATE TABLE public.photos (
    img_id bigint NOT NULL,
    url character varying(256),
    lon double precision,
    lat double precision,
    city_name character varying(64) NOT NULL
);


ALTER TABLE public.photos OWNER TO vagrant;

--
-- Name: photos_img_id_seq; Type: SEQUENCE; Schema: public; Owner: vagrant
--

CREATE SEQUENCE public.photos_img_id_seq
    START WITH 1
    INCREMENT BY 1
    NO MINVALUE
    NO MAXVALUE
    CACHE 1;


ALTER TABLE public.photos_img_id_seq OWNER TO vagrant;

--
-- Name: photos_img_id_seq; Type: SEQUENCE OWNED BY; Schema: public; Owner: vagrant
--

ALTER SEQUENCE public.photos_img_id_seq OWNED BY public.photos.img_id;


--
-- Name: trip_photos_rel; Type: TABLE; Schema: public; Owner: vagrant
--

CREATE TABLE public.trip_photos_rel (
    relationship_id integer NOT NULL,
    trip_id integer NOT NULL,
    photo_id bigint NOT NULL
);


ALTER TABLE public.trip_photos_rel OWNER TO vagrant;

--
-- Name: trip_photos_rel_relationship_id_seq; Type: SEQUENCE; Schema: public; Owner: vagrant
--

CREATE SEQUENCE public.trip_photos_rel_relationship_id_seq
    AS integer
    START WITH 1
    INCREMENT BY 1
    NO MINVALUE
    NO MAXVALUE
    CACHE 1;


ALTER TABLE public.trip_photos_rel_relationship_id_seq OWNER TO vagrant;

--
-- Name: trip_photos_rel_relationship_id_seq; Type: SEQUENCE OWNED BY; Schema: public; Owner: vagrant
--

ALTER SEQUENCE public.trip_photos_rel_relationship_id_seq OWNED BY public.trip_photos_rel.relationship_id;


--
-- Name: trip_user_likes_rel; Type: TABLE; Schema: public; Owner: vagrant
--

CREATE TABLE public.trip_user_likes_rel (
    relationship_id integer NOT NULL,
    trip_id integer NOT NULL,
    user_id integer NOT NULL
);


ALTER TABLE public.trip_user_likes_rel OWNER TO vagrant;

--
-- Name: trip_user_likes_rel_relationship_id_seq; Type: SEQUENCE; Schema: public; Owner: vagrant
--

CREATE SEQUENCE public.trip_user_likes_rel_relationship_id_seq
    AS integer
    START WITH 1
    INCREMENT BY 1
    NO MINVALUE
    NO MAXVALUE
    CACHE 1;


ALTER TABLE public.trip_user_likes_rel_relationship_id_seq OWNER TO vagrant;

--
-- Name: trip_user_likes_rel_relationship_id_seq; Type: SEQUENCE OWNED BY; Schema: public; Owner: vagrant
--

ALTER SEQUENCE public.trip_user_likes_rel_relationship_id_seq OWNED BY public.trip_user_likes_rel.relationship_id;


--
-- Name: trips; Type: TABLE; Schema: public; Owner: vagrant
--

CREATE TABLE public.trips (
    trip_id integer NOT NULL,
    name character varying(64) NOT NULL,
    user_id integer NOT NULL,
    city_name character varying(64) NOT NULL
);


ALTER TABLE public.trips OWNER TO vagrant;

--
-- Name: trips_trip_id_seq; Type: SEQUENCE; Schema: public; Owner: vagrant
--

CREATE SEQUENCE public.trips_trip_id_seq
    AS integer
    START WITH 1
    INCREMENT BY 1
    NO MINVALUE
    NO MAXVALUE
    CACHE 1;


ALTER TABLE public.trips_trip_id_seq OWNER TO vagrant;

--
-- Name: trips_trip_id_seq; Type: SEQUENCE OWNED BY; Schema: public; Owner: vagrant
--

ALTER SEQUENCE public.trips_trip_id_seq OWNED BY public.trips.trip_id;


--
-- Name: users; Type: TABLE; Schema: public; Owner: vagrant
--

CREATE TABLE public.users (
    user_id integer NOT NULL,
    fname character varying(64) NOT NULL,
    lname character varying(64) NOT NULL,
    email character varying(64) NOT NULL,
    password character varying(64) NOT NULL
);


ALTER TABLE public.users OWNER TO vagrant;

--
-- Name: users_user_id_seq; Type: SEQUENCE; Schema: public; Owner: vagrant
--

CREATE SEQUENCE public.users_user_id_seq
    AS integer
    START WITH 1
    INCREMENT BY 1
    NO MINVALUE
    NO MAXVALUE
    CACHE 1;


ALTER TABLE public.users_user_id_seq OWNER TO vagrant;

--
-- Name: users_user_id_seq; Type: SEQUENCE OWNED BY; Schema: public; Owner: vagrant
--

ALTER SEQUENCE public.users_user_id_seq OWNED BY public.users.user_id;


--
-- Name: liked_trips trip_id; Type: DEFAULT; Schema: public; Owner: vagrant
--

ALTER TABLE ONLY public.liked_trips ALTER COLUMN trip_id SET DEFAULT nextval('public.liked_trips_trip_id_seq'::regclass);


--
-- Name: photos img_id; Type: DEFAULT; Schema: public; Owner: vagrant
--

ALTER TABLE ONLY public.photos ALTER COLUMN img_id SET DEFAULT nextval('public.photos_img_id_seq'::regclass);


--
-- Name: trip_photos_rel relationship_id; Type: DEFAULT; Schema: public; Owner: vagrant
--

ALTER TABLE ONLY public.trip_photos_rel ALTER COLUMN relationship_id SET DEFAULT nextval('public.trip_photos_rel_relationship_id_seq'::regclass);


--
-- Name: trip_user_likes_rel relationship_id; Type: DEFAULT; Schema: public; Owner: vagrant
--

ALTER TABLE ONLY public.trip_user_likes_rel ALTER COLUMN relationship_id SET DEFAULT nextval('public.trip_user_likes_rel_relationship_id_seq'::regclass);


--
-- Name: trips trip_id; Type: DEFAULT; Schema: public; Owner: vagrant
--

ALTER TABLE ONLY public.trips ALTER COLUMN trip_id SET DEFAULT nextval('public.trips_trip_id_seq'::regclass);


--
-- Name: users user_id; Type: DEFAULT; Schema: public; Owner: vagrant
--

ALTER TABLE ONLY public.users ALTER COLUMN user_id SET DEFAULT nextval('public.users_user_id_seq'::regclass);


--
-- Data for Name: cities; Type: TABLE DATA; Schema: public; Owner: vagrant
--

COPY public.cities (name, lon, lat, country_code, timezone) FROM stdin;
Dubai	55.171280000000003	25.0656999999999996	AE	Asia/Dubai
Abu Dhabi	54.3666699999999992	24.4666700000000006	AE	Asia/Dubai
Buenos Aires	-58.3772299999999973	-34.6131499999999974	AR	America/Argentina/Buenos_Aires
Vienna	16.3720800000000004	48.2084899999999976	AT	Europe/Vienna
Perth	115.861400000000003	-31.9522399999999998	AU	Australia/Perth
Adelaide	138.598630000000014	-34.9286600000000007	AU	Australia/Adelaide
Sydney	151.20732000000001	-33.8678499999999971	AU	Australia/Sydney
Melbourne	144.96332000000001	-37.8140000000000001	AU	Australia/Melbourne
Gold Coast	153.430880000000002	-28.0002899999999997	AU	Australia/Brisbane
Brisbane	153.028089999999992	-27.4679399999999987	AU	Australia/Brisbane
Dhaka	90.407439999999994	23.7103999999999999	BD	Asia/Dhaka
Brussels	4.34877999999999965	50.8504500000000021	BE	Europe/Brussels
Sao Paulo	-46.6361100000000022	-23.5474999999999994	BR	America/Sao_Paulo
Salvador	-38.5108299999999986	-12.9711099999999995	BR	America/Bahia
Rio de Janeiro	-43.2075000000000031	-22.9027799999999999	BR	America/Sao_Paulo
Calgary	-114.085290000000001	51.0501099999999965	CA	America/Edmonton
Edmonton	-113.468710000000002	53.550139999999999	CA	America/Edmonton
Montreal	-73.5878100000000046	45.5088399999999993	CA	America/Toronto
Ottawa	-75.698120000000003	45.4111699999999985	CA	America/Toronto
Toronto	-79.4163000000000068	43.7001100000000022	CA	America/Toronto
Vancouver	-123.119339999999994	49.2496599999999987	CA	America/Vancouver
Winnipeg	-97.1470400000000041	49.8843999999999994	CA	America/Winnipeg
Quebec	-71.2145399999999995	46.8122800000000012	CA	America/Toronto
Xian	108.928610000000006	34.2583300000000008	CN	Asia/Shanghai
Wuhan	114.266670000000005	30.5833300000000001	CN	Asia/Shanghai
Tianjin	117.176670000000001	39.1422200000000018	CN	Asia/Shanghai
Tangshan	118.183329999999998	39.6333300000000008	CN	Asia/Shanghai
Shenzhen	114.068299999999994	22.545539999999999	CN	Asia/Shanghai
Shanghai	121.458060000000003	31.2222200000000001	CN	Asia/Shanghai
Qingdao	120.380420000000001	36.0648800000000023	CN	Asia/Shanghai
Nanjing	118.777780000000007	32.0616699999999994	CN	Asia/Shanghai
Guilin	110.286389999999997	25.2819399999999987	CN	Asia/Shanghai
Guangzhou	113.25	23.1166699999999992	CN	Asia/Shanghai
Lijiang	100.22072	26.8687900000000006	CN	Asia/Shanghai
Dalian	121.602220000000003	38.9122199999999978	CN	Asia/Shanghai
Chongqing	106.552779999999998	29.5627800000000001	CN	Asia/Shanghai
Chengdu	104.066670000000002	30.6666699999999999	CN	Asia/Shanghai
Beijing	116.397229999999993	39.9074999999999989	CN	Asia/Shanghai
Havana	-82.3830399999999941	23.1330199999999984	CU	America/Havana
Prague	14.4207599999999996	50.0880399999999995	CZ	Europe/Prague
Munich	11.5754900000000003	48.1374300000000019	DE	Europe/Berlin
Berlin	13.4105299999999996	52.5243699999999976	DE	Europe/Berlin
Copenhagen	12.5655300000000008	55.6759399999999971	DK	Europe/Copenhagen
Cairo	31.2496699999999983	30.0626299999999986	EG	Africa/Cairo
Giza	31.2109300000000012	30.0080799999999996	EG	Africa/Cairo
Alexandria	29.9552699999999987	31.2156400000000005	EG	Africa/Cairo
Madrid	-3.70256000000000007	40.4164999999999992	ES	Europe/Madrid
Barcelona	2.15899000000000019	41.3887900000000002	ES	Europe/Madrid
Paris	2.34880000000000022	48.8534099999999967	FR	Europe/Paris
Wellington	-2.51666999999999996	52.7000000000000028	GB	Europe/London
Nottingham	-1.1504700000000001	52.9536000000000016	GB	Europe/London
London	-0.125739999999999991	51.5085300000000004	GB	Europe/London
Liverpool	-2.97793999999999981	53.4105800000000031	GB	Europe/London
Leicester	-1.13169000000000008	52.6385999999999967	GB	Europe/London
Bristol	-2.5966499999999999	51.4552300000000002	GB	Europe/London
Birmingham	-1.89982999999999991	52.48142	GB	Europe/London
Athens	23.7162199999999999	37.9794499999999999	GR	Europe/Athens
Guatemala City	-90.5132700000000057	14.64072	GT	America/Guatemala
Hong Kong	114.174689999999998	22.2783200000000008	HK	Asia/Hong_Kong
Port-au-Prince	-72.3349999999999937	18.5391699999999986	HT	America/Port-au-Prince
Budapest	19.039909999999999	47.4980100000000007	HU	Europe/Budapest
Padang	100.35427	-0.949239999999999973	ID	Asia/Jakarta
Malang	112.630399999999995	-7.97970000000000024	ID	Asia/Jakarta
Jakarta	106.845129999999997	-6.21462000000000003	ID	Asia/Jakarta
Denpasar	115.216669999999993	-8.65000000000000036	ID	Asia/Makassar
Dublin	-6.24889000000000028	53.3330600000000032	IE	Europe/Dublin
Jerusalem	35.2163299999999992	31.7690400000000004	IL	Asia/Jerusalem
Chennai	80.2784699999999987	13.0878399999999999	IN	Asia/Kolkata
Jaipur	75.7878099999999932	26.9196199999999983	IN	Asia/Kolkata
Delhi	77.2314899999999938	28.6519499999999994	IN	Asia/Kolkata
Mumbai	72.8826099999999997	19.0728299999999997	IN	Asia/Kolkata
Baghdad	44.4008800000000008	33.3405800000000028	IQ	Asia/Baghdad
Rome	12.5113299999999992	41.8919300000000021	IT	Europe/Rome
Naples	14.2681100000000001	40.8521599999999978	IT	Europe/Rome
Milan	9.18951000000000029	45.4642699999999991	IT	Europe/Rome
Genoa	8.94439000000000028	44.4047800000000024	IT	Europe/Rome
Kingston	-76.7935800000000057	17.9970199999999991	JM	America/Jamaica
Yokohama	139.650000000000006	35.433329999999998	JP	Asia/Tokyo
Tokyo	139.69171	35.6895000000000024	JP	Asia/Tokyo
Osaka	135.50218000000001	34.6937399999999982	JP	Asia/Tokyo
Kyoto	135.75385	35.0210700000000017	JP	Asia/Tokyo
Kobe	135.182999999999993	34.6912999999999982	JP	Asia/Tokyo
Kawasaki	139.717219999999998	35.5205600000000032	JP	Asia/Tokyo
Hiroshima	132.449999999999989	34.3999999999999986	JP	Asia/Tokyo
Chiba	140.116669999999999	35.6000000000000014	JP	Asia/Tokyo
Sapporo	141.349999999999994	43.066670000000002	JP	Asia/Tokyo
Pyongyang	125.754320000000007	39.033850000000001	KP	Asia/Pyongyang
Seoul	126.978399999999993	37.5660000000000025	KR	Asia/Seoul
Busan	129.040279999999996	35.1027800000000028	KR	Asia/Seoul
Incheon	126.705150000000003	37.4564599999999999	KR	Asia/Seoul
Jeonju	127.148889999999994	35.8219399999999979	KR	Asia/Seoul
Colombo	79.8477800000000002	6.93193999999999999	LK	Asia/Colombo
Casablanca	-7.61137999999999959	33.5883099999999999	MA	Africa/Casablanca
Mandalay	96.0835900000000009	21.974730000000001	MM	Asia/Yangon
Macau	113.546109999999999	22.2005599999999994	MO	Asia/Macau
Cozumel	-86.9427199999999942	20.5003799999999998	MX	America/Cancun
Mexico City	-99.1276600000000059	19.4284700000000008	MX	America/Mexico_City
Cancun	-86.8465599999999966	21.1742899999999992	MX	America/Cancun
Tijuana	-117.003709999999998	32.5026999999999973	MX	America/Tijuana
Lagos	3.39467000000000008	6.45406999999999975	NG	Africa/Lagos
Amsterdam	4.88968999999999987	52.3740299999999976	NL	Europe/Amsterdam
Oslo	10.7460900000000006	59.9127300000000034	NO	Europe/Oslo
Kathmandu	85.3205999999999989	27.7016899999999993	NP	Asia/Kathmandu
Muscat	58.4077800000000025	23.5841299999999983	OM	Asia/Muscat
Lima	-77.0282399999999967	-12.0431799999999996	PE	America/Lima
Manila	120.982200000000006	14.6042000000000005	PH	Asia/Manila
Karachi	67.0104000000000042	24.8608000000000011	PK	Asia/Karachi
Islamabad	73.0432899999999989	33.7214799999999997	PK	Asia/Karachi
Hyderabad	68.373660000000001	25.3924200000000013	PK	Asia/Karachi
Warsaw	21.0117800000000017	52.229770000000002	PL	Europe/Warsaw
Lisbon	-9.13333000000000084	38.7166700000000006	PT	Europe/Lisbon
Saint Petersburg	30.3141299999999987	59.9386300000000034	RU	Europe/Moscow
Moscow	37.6155600000000021	55.7522200000000012	RU	Europe/Moscow
Mecca	39.8256299999999968	21.426639999999999	SA	Asia/Riyadh
Jeddah	39.197969999999998	21.5423800000000014	SA	Asia/Riyadh
Stockholm	18.0649000000000015	59.3325800000000001	SE	Europe/Stockholm
Singapore	103.850070000000002	1.28967000000000009	SG	Asia/Singapore
Dakar	-17.4440600000000003	14.6936999999999998	SN	Africa/Dakar
Bangkok	100.501440000000002	13.7539800000000003	TH	Asia/Bangkok
Tunis	10.1657899999999994	36.8189700000000002	TN	Africa/Tunis
Istanbul	28.9496600000000015	41.0138400000000019	TR	Europe/Istanbul
Taipei	121.531850000000006	25.0477600000000002	TW	Asia/Taipei
Tainan	120.213329999999999	22.990829999999999	TW	Asia/Taipei
Odessa	30.7326200000000007	46.4774699999999967	UA	Europe/Kiev
Washington, D.C.	-77.0363700000000051	38.8951100000000025	US	America/New_York
Jacksonville	-81.6556499999999943	30.332180000000001	US	America/New_York
Columbus	-85.9213799999999992	39.2014399999999981	US	America/Indiana/Indianapolis
Indianapolis	-86.1580399999999997	39.7683800000000005	US	America/Indiana/Indianapolis
Baltimore	-76.6121899999999982	39.290379999999999	US	America/New_York
Charlotte	-80.8431300000000022	35.2270899999999969	US	America/New_York
Oklahoma City	-97.5164299999999997	35.4675599999999989	US	America/Chicago
Philadelphia	-75.1637900000000059	39.9523300000000035	US	America/New_York
Memphis	-90.0489800000000002	35.1495299999999986	US	America/Chicago
Nashville	-86.7844400000000036	36.1658899999999974	US	America/Chicago
Austin	-97.7430599999999998	30.2671500000000009	US	America/Chicago
Dallas	-96.8066699999999969	32.783059999999999	US	America/Chicago
Fort Worth	-97.320849999999993	32.7254099999999966	US	America/Chicago
Houston	-95.36327	29.7632800000000017	US	America/Chicago
Chicago	-87.6500499999999931	41.8500299999999967	US	America/Chicago
Boston	-71.0597700000000003	42.3584299999999985	US	America/New_York
Detroit	-83.0457499999999982	42.3314299999999974	US	America/Detroit
Brooklyn	-73.9495799999999974	40.6501000000000019	US	America/New_York
Manhattan	-73.9662500000000023	40.7834300000000027	US	America/New_York
New York City	-74.0059700000000049	40.7142699999999991	US	America/New_York
Queens	-73.836519999999993	40.6814899999999966	US	America/New_York
Phoenix	-112.074039999999997	33.4483800000000002	US	America/Phoenix
Tucson	-110.926479999999998	32.2217399999999969	US	America/Phoenix
Los Angeles	-118.243679999999998	34.0522300000000016	US	America/Los_Angeles
Monterey	-121.894679999999994	36.6002399999999994	US	America/Los_Angeles
Napa	-122.285529999999994	38.2971399999999988	US	America/Los_Angeles
San Diego	-117.157259999999994	32.7153300000000016	US	America/Los_Angeles
San Francisco	-122.419420000000002	37.7749299999999977	US	America/Los_Angeles
San Jose	-121.894959999999998	37.3393900000000016	US	America/Los_Angeles
Denver	-104.984700000000004	39.7391500000000022	US	America/Denver
Albuquerque	-106.651139999999998	35.0844900000000024	US	America/Denver
Las Vegas	-115.137219999999999	36.1749700000000018	US	America/Los_Angeles
Reno	-119.813800000000001	39.5296299999999974	US	America/Los_Angeles
El Paso	-106.486930000000001	31.7587200000000003	US	America/Denver
Portland	-122.676209999999998	45.5234499999999969	US	America/Los_Angeles
Seattle	-122.332070000000002	47.6062099999999973	US	America/Los_Angeles
Ho Chi Minh City	106.629649999999998	10.8230199999999996	VN	Asia/Ho_Chi_Minh
Hanoi	105.841170000000005	21.0244999999999997	VN	Asia/Ho_Chi_Minh
Da Nang	108.220830000000007	16.0677799999999991	VN	Asia/Ho_Chi_Minh
Queenstown	26.8753300000000017	-31.8975599999999986	ZA	Africa/Johannesburg
Port Elizabeth	25.5700700000000012	-33.9179900000000032	ZA	Africa/Johannesburg
Johannesburg	28.0436300000000003	-26.2022699999999986	ZA	Africa/Johannesburg
Cape Town	18.4232200000000006	-33.9258400000000009	ZA	Africa/Johannesburg
\.


--
-- Data for Name: liked_trips; Type: TABLE DATA; Schema: public; Owner: vagrant
--

COPY public.liked_trips (trip_id) FROM stdin;
1
3
\.


--
-- Data for Name: photos; Type: TABLE DATA; Schema: public; Owner: vagrant
--

COPY public.photos (img_id, url, lon, lat, city_name) FROM stdin;
32145040697	https://c2.staticflickr.com/8/7828/32145040697_453913e569.jpg	-122.347954999999999	38.2704129999999978	Napa
46355060424	https://c2.staticflickr.com/8/7839/46355060424_f717417b42.jpg	-122.329644999999999	38.3332830000000016	Napa
47026473992	https://c2.staticflickr.com/8/7873/47026473992_dbbbc1ec50.jpg	-122.329620000000006	38.3332940000000022	Napa
47078533141	https://c2.staticflickr.com/8/7825/47078533141_19fc310596.jpg	-122.325036999999995	38.3326330000000013	Napa
47026345682	https://c2.staticflickr.com/8/7894/47026345682_8bd24e1dab.jpg	-122.325028000000003	38.332611	Napa
47042307601	https://c2.staticflickr.com/8/7890/47042307601_be029dc16c.jpg	-122.329650000000001	38.3331659999999985	Napa
33167123388	https://c2.staticflickr.com/8/7923/33167123388_2bf08bb4ef.jpg	-122.329620000000006	38.3332249999999988	Napa
47023307271	https://c2.staticflickr.com/8/7846/47023307271_1e64d9b711.jpg	-122.301661999999993	38.2941860000000034	Napa
46219532274	https://c2.staticflickr.com/8/7832/46219532274_70f53d5220.jpg	-122.264328000000006	38.3481359999999967	Napa
33033598568	https://c2.staticflickr.com/5/4853/33033598568_f86a570bae.jpg	-122.340873999999999	38.3289990000000032	Napa
46656122671	https://c2.staticflickr.com/8/7849/46656122671_7d7b6ef9c0.jpg	-122.284614000000005	38.2995220000000032	Napa
31678246887	https://c2.staticflickr.com/8/7879/31678246887_d220ef289d.jpg	-122.330895999999996	38.3211039999999983	Napa
45675605595	https://c2.staticflickr.com/5/4918/45675605595_2eb0f24a53.jpg	-122.329728000000003	38.3333470000000034	Napa
32715731858	https://c2.staticflickr.com/5/4897/32715731858_ca3f9b061f.jpg	-122.329719999999995	38.3333549999999974	Napa
45607404685	https://c2.staticflickr.com/5/4845/45607404685_f7b3f41087.jpg	-122.278653000000006	38.3026020000000003	Napa
45535181035	https://c2.staticflickr.com/8/7891/45535181035_88e342bda5.jpg	-122.283714000000003	38.3040080000000032	Napa
45535180905	https://c2.staticflickr.com/5/4897/45535180905_70847301e0.jpg	-122.283805999999998	38.3040049999999965	Napa
32543878738	https://c2.staticflickr.com/8/7853/32543878738_8369664a32.jpg	-122.284752999999995	38.2980299999999971	Napa
45472232995	https://c2.staticflickr.com/5/4875/45472232995_24acd5a30e.jpg	-122.284172999999996	38.3024410000000017	Napa
31355252607	https://c2.staticflickr.com/5/4892/31355252607_c478682469.jpg	-122.280311999999995	38.302743999999997	Napa
31355251467	https://c2.staticflickr.com/5/4828/31355251467_466be43746.jpg	-122.281625000000005	38.301636000000002	Napa
44350928000	https://c2.staticflickr.com/5/4823/44350928000_b8bbff4dc0.jpg	-122.286248000000001	38.2988659999999967	Napa
46167983291	https://c2.staticflickr.com/5/4828/46167983291_6f720dbc25.jpg	-122.286523000000003	38.299672000000001	Napa
31143740437	https://c2.staticflickr.com/5/4850/31143740437_56fe1a1d73.jpg	-122.284681000000006	38.2981219999999993	Napa
44236029700	https://c2.staticflickr.com/5/4816/44236029700_8a715d8595.jpg	-122.284681000000006	38.2981219999999993	Napa
45913811892	https://c2.staticflickr.com/5/4836/45913811892_8580914634.jpg	-122.274870000000007	38.2853550000000027	Napa
45914044501	https://c2.staticflickr.com/5/4827/45914044501_76df31b54e.jpg	-122.2684	38.3485000000000014	Napa
44802073765	https://c2.staticflickr.com/5/4839/44802073765_0d5e11cb43.jpg	-122.323006000000007	38.2867299999999986	Napa
44802059565	https://c2.staticflickr.com/2/1941/44802059565_d56af5fe72.jpg	-122.323363999999998	38.2860439999999969	Napa
44802040485	https://c2.staticflickr.com/5/4893/44802040485_1c6c907913.jpg	-122.323273	38.2859880000000032	Napa
31844330668	https://c2.staticflickr.com/2/1970/31844330668_92aebf51dd.jpg	-122.323250000000002	38.2875659999999982	Napa
31844320868	https://c2.staticflickr.com/2/1946/31844320868_5015f66337.jpg	-122.323412000000005	38.2858409999999978	Napa
44802028865	https://c2.staticflickr.com/5/4891/44802028865_b1595a9461.jpg	-122.323312000000001	38.2859300000000005	Napa
30738321427	https://c2.staticflickr.com/5/4917/30738321427_3a7668e591.jpg	-122.329588999999999	38.3045219999999986	Napa
43820569200	https://c2.staticflickr.com/2/1958/43820569200_5dcac1676c.jpg	-122.226247999999998	38.2586549999999974	Napa
43688054600	https://c2.staticflickr.com/2/1929/43688054600_20d91c2cc6.jpg	-122.327909000000005	38.3322330000000022	Napa
43268057810	https://c2.staticflickr.com/2/1959/43268057810_7bd1de3df2.jpg	-122.287445000000005	38.3158010000000004	Napa
30144057827	https://c2.staticflickr.com/2/1918/30144057827_e972f3aa35.jpg	-122.287445000000005	38.3158010000000004	Napa
29837202517	https://c2.staticflickr.com/2/1853/29837202517_8394993116.jpg	-122.286649999999995	38.2986000000000004	Napa
44774220311	https://c2.staticflickr.com/2/1893/44774220311_0e8028b773.jpg	-122.285788999999994	38.2328550000000007	Napa
42952208090	https://c2.staticflickr.com/2/1847/42952208090_527ef20b13.jpg	-122.274870000000007	38.2853550000000027	Napa
44031909754	https://c2.staticflickr.com/2/1869/44031909754_393c2b9d82.jpg	-122.274870000000007	38.2853550000000027	Napa
43406887155	https://c2.staticflickr.com/2/1895/43406887155_abf503b951.jpg	-122.324078	38.3447880000000012	Napa
43767518632	https://c2.staticflickr.com/1/929/43767518632_7b29cce22a.jpg	-122.286317999999994	38.2968639999999994	Napa
43815995711	https://c2.staticflickr.com/1/859/43815995711_59357c16b6.jpg	-122.285534999999996	38.299239	Napa
43472061031	https://c2.staticflickr.com/2/1802/43472061031_e690793690.jpg	-122.330100000000002	38.3326830000000029	Napa
29527443078	https://c2.staticflickr.com/1/833/29527443078_1849c2d529.jpg	-122.283356999999995	38.3026369999999972	Napa
43397709701	https://c2.staticflickr.com/1/919/43397709701_c5c9b5a9ea.jpg	-122.283356999999995	38.3026369999999972	Napa
43395941161	https://c2.staticflickr.com/2/1766/43395941161_5979d32ffd.jpg	-122.350800000000007	38.2556110000000018	Napa
43395940871	https://c2.staticflickr.com/1/921/43395940871_6fac6af6ae.jpg	-122.350800000000007	38.2556110000000018	Napa
46061720665	https://c2.staticflickr.com/5/4808/46061720665_98a56f5445.jpg	-122.334051000000002	38.3548490000000015	Napa
46735568322	https://c2.staticflickr.com/8/7905/46735568322_2d0c6b99bc.jpg	-122.279267000000004	38.2945800000000034	Napa
46384795791	https://c2.staticflickr.com/5/4873/46384795791_cda8560da1.jpg	-122.284737000000007	38.2994720000000015	Napa
44554263890	https://c2.staticflickr.com/5/4913/44554263890_95fb335c79.jpg	-122.283775000000006	38.3020739999999975	Napa
32422283348	https://c2.staticflickr.com/5/4804/32422283348_14131feff2.jpg	-122.287559000000002	38.2983660000000015	Napa
44304806560	https://c2.staticflickr.com/5/4814/44304806560_095d7aa1c9.jpg	-122.281886999999998	38.3024150000000034	Napa
44271364790	https://c2.staticflickr.com/5/4901/44271364790_31ccf25dcd.jpg	-122.335350000000005	38.3535469999999989	Napa
32174582478	https://c2.staticflickr.com/5/4902/32174582478_35701f5a4c.jpg	-122.197418999999996	38.3087760000000017	Napa
45001936055	https://c2.staticflickr.com/5/4816/45001936055_fd1b6928de.jpg	-122.268900000000002	38.3481000000000023	Napa
30948857497	https://c2.staticflickr.com/5/4845/30948857497_331b055832.jpg	-122.329767000000004	38.3332860000000011	Napa
44900291665	https://c2.staticflickr.com/5/4821/44900291665_a93dd7a3e2.jpg	-122.264349999999993	38.3486199999999968	Napa
44888907595	https://c2.staticflickr.com/5/4868/44888907595_e42c05ed13.jpg	-122.264349999999993	38.3486199999999968	Napa
45406702212	https://c2.staticflickr.com/2/1902/45406702212_edf4e84dac.jpg	-122.287199999999999	38.2963820000000013	Napa
30422766367	https://c2.staticflickr.com/2/1959/30422766367_cbff92a5c9.jpg	-122.282695000000004	38.2968369999999965	Napa
44009903314	https://c2.staticflickr.com/2/1893/44009903314_1aa3dde611.jpg	-122.329605999999998	38.3331859999999978	Napa
42687789700	https://c2.staticflickr.com/2/1877/42687789700_c7b7194f00.jpg	-122.302698000000007	38.3205939999999998	Napa
30594189158	https://c2.staticflickr.com/2/1854/30594189158_15093c2947.jpg	-122.286562000000004	38.3005250000000004	Napa
42549463560	https://c2.staticflickr.com/2/1841/42549463560_a062ef2186.jpg	-122.362983	38.3334910000000022	Napa
29421467267	https://c2.staticflickr.com/2/1841/29421467267_e42d3b94c6.jpg	-122.362983	38.3334910000000022	Napa
30030364698	https://c2.staticflickr.com/1/938/30030364698_589e54d3b0.jpg	-122.285499999999999	38.2949520000000021	Napa
43790230281	https://c2.staticflickr.com/2/1817/43790230281_e5fdaa6139.jpg	-122.329598000000004	38.333319000000003	Napa
42819952595	https://c2.staticflickr.com/1/931/42819952595_5c77d20b76.jpg	-122.290043999999995	38.296754	Napa
43676108342	https://c2.staticflickr.com/1/848/43676108342_2b26088865.jpg	-122.290603000000004	38.297105000000002	Napa
45225862485	https://c2.staticflickr.com/5/4890/45225862485_327a6015c0.jpg	-122.289545000000004	38.2973050000000015	Napa
45382072164	https://c2.staticflickr.com/5/4840/45382072164_562a78f143.jpg	-122.287308999999993	38.2980879999999999	Napa
32180367868	https://c2.staticflickr.com/5/4884/32180367868_b4b546637c.jpg	-122.289342000000005	38.2970129999999997	Napa
45922036531	https://c2.staticflickr.com/5/4887/45922036531_0b0dfe1561.jpg	-122.275899999999993	38.292900000000003	Napa
45864807092	https://c2.staticflickr.com/5/4893/45864807092_1788963b14.jpg	-122.26885	38.348399999999998	Napa
32016706828	https://c2.staticflickr.com/5/4863/32016706828_dc7eb8c950.jpg	-122.329819999999998	38.3332940000000022	Napa
43985039610	https://c2.staticflickr.com/5/4890/43985039610_f96141f68b.jpg	-122.266999999999996	38.3496000000000024	Napa
45801642021	https://c2.staticflickr.com/5/4826/45801642021_59ebbeea0f.jpg	-122.264349999999993	38.3486199999999968	Napa
44485551015	https://c2.staticflickr.com/2/1922/44485551015_19d42892e6.jpg	-122.309027999999998	38.3224719999999976	Napa
43185045660	https://c2.staticflickr.com/2/1962/43185045660_d85c5aba14.jpg	-122.284548000000001	38.2979569999999967	Napa
42733595850	https://c2.staticflickr.com/2/1850/42733595850_67444deab8.jpg	-122.329736999999994	38.3330190000000002	Napa
42687789630	https://c2.staticflickr.com/2/1857/42687789630_17cb0aa567.jpg	-122.302611999999996	38.320568999999999	Napa
43451607595	https://c2.staticflickr.com/2/1894/43451607595_c8b0593ea0.jpg	-122.362983	38.3334910000000022	Napa
42549454490	https://c2.staticflickr.com/2/1873/42549454490_ccc65907b8.jpg	-122.362983	38.3334910000000022	Napa
43446914915	https://c2.staticflickr.com/2/1891/43446914915_6aac481759.jpg	-122.329674999999995	38.333129999999997	Napa
43165531334	https://c2.staticflickr.com/1/932/43165531334_13a42387d7.jpg	-122.287520000000001	38.3018240000000034	Napa
41914990810	https://c2.staticflickr.com/1/941/41914990810_9559fa601c.jpg	-122.283683999999994	38.296878999999997	Napa
43007853654	https://c2.staticflickr.com/1/936/43007853654_0d00929c1d.jpg	-122.290043999999995	38.296754	Napa
42570305025	https://c2.staticflickr.com/2/1821/42570305025_855421aef2.jpg	-122.329750000000004	38.3331190000000035	Napa
43534601602	https://c2.staticflickr.com/1/839/43534601602_f2e15d11ab.jpg	-122.408015000000006	37.785147000000002	San Francisco
28417789157	https://c2.staticflickr.com/2/1827/28417789157_0128b5c56d.jpg	-122.389174999999994	37.7795020000000008	San Francisco
46156163945	https://c2.staticflickr.com/8/7876/46156163945_faf045f090.jpg	-122.476369000000005	37.7676409999999976	San Francisco
32085574447	https://c2.staticflickr.com/8/7815/32085574447_f59d35c262.jpg	-122.438323999999994	37.7908809999999988	San Francisco
33085946218	https://c2.staticflickr.com/5/4884/33085946218_2297d2986b.jpg	-122.405530999999996	37.7948039999999992	San Francisco
39977854243	https://c2.staticflickr.com/8/7801/39977854243_31e84b8039.jpg	-122.424559000000002	37.7766909999999996	San Francisco
46837838592	https://c2.staticflickr.com/5/4864/46837838592_e0b536f5c4.jpg	-122.439397	37.7646859999999975	San Francisco
39924833643	https://c2.staticflickr.com/8/7802/39924833643_37d31c20f2.jpg	-122.439718999999997	37.7648879999999991	San Francisco
33014416948	https://c2.staticflickr.com/5/4903/33014416948_d807589d05.jpg	-122.438999999999993	37.7648900000000012	San Francisco
31948221957	https://c2.staticflickr.com/8/7818/31948221957_0c8392c252.jpg	-122.439031999999997	37.7646349999999984	San Francisco
33014373378	https://c2.staticflickr.com/8/7824/33014373378_51f94eacb6.jpg	-122.439718999999997	37.7648879999999991	San Francisco
32963113078	https://c2.staticflickr.com/8/7801/32963113078_c4ed13366f.jpg	-122.447057000000001	37.7530489999999972	San Francisco
31874215677	https://c2.staticflickr.com/8/7815/31874215677_b2b658a14d.jpg	-122.427948999999998	37.7606210000000004	San Francisco
46773733991	https://c2.staticflickr.com/8/7905/46773733991_176375236f.jpg	-122.420063999999996	37.8033089999999987	San Francisco
32894360278	https://c2.staticflickr.com/5/4804/32894360278_d7d3f05ccd.jpg	-122.485650000000007	37.7290909999999968	San Francisco
45975621754	https://c2.staticflickr.com/5/4860/45975621754_23c0779314.jpg	-122.434258	37.7757859999999965	San Francisco
32825383928	https://c2.staticflickr.com/8/7825/32825383928_68dd6c645f.jpg	-122.435158999999999	37.776685999999998	San Francisco
46647484092	https://c2.staticflickr.com/5/4896/46647484092_04a5b4d0cc.jpg	-122.435460000000006	37.7760000000000034	San Francisco
46700195591	https://c2.staticflickr.com/5/4827/46700195591_25409f36ef.jpg	-122.434258	37.7757859999999965	San Francisco
31758807977	https://c2.staticflickr.com/8/7909/31758807977_f2174f340f.jpg	-122.434225999999995	37.7768650000000008	San Francisco
32783758038	https://c2.staticflickr.com/5/4908/32783758038_3237f708a3.jpg	-122.450897999999995	37.7134769999999975	San Francisco
39693357113	https://c2.staticflickr.com/8/7834/39693357113_9d284f2c34.jpg	-122.450468999999998	37.7134259999999983	San Francisco
39693356233	https://c2.staticflickr.com/8/7802/39693356233_9fc86615c4.jpg	-122.450125999999997	37.7137060000000019	San Francisco
31711337237	https://c2.staticflickr.com/8/7901/31711337237_c90e6f18ae.jpg	-122.446650000000005	37.7208129999999997	San Francisco
46648069851	https://c2.staticflickr.com/5/4826/46648069851_83c4f38c1c.jpg	-122.409481	37.800733000000001	San Francisco
39674242523	https://c2.staticflickr.com/5/4903/39674242523_11e823b6f4.jpg	-122.446961000000002	37.7226550000000032	San Francisco
46639113691	https://c2.staticflickr.com/5/4838/46639113691_639923ff9c.jpg	-122.446961000000002	37.7226550000000032	San Francisco
32760554098	https://c2.staticflickr.com/8/7821/32760554098_a20b9e619a.jpg	-122.433485000000005	37.7768709999999999	San Francisco
45716729165	https://c2.staticflickr.com/5/4828/45716729165_0681522f1e.jpg	-122.392222000000004	37.7748950000000008	San Francisco
31684426137	https://c2.staticflickr.com/8/7893/31684426137_bf6f4818c9.jpg	-122.451734999999999	37.7257490000000004	San Francisco
32748708348	https://c2.staticflickr.com/5/4814/32748708348_bccff205da.jpg	-122.447186000000002	37.80321	San Francisco
45592770645	https://c2.staticflickr.com/5/4857/45592770645_f1bb3fc63b.jpg	-122.447239999999994	37.7199389999999966	San Francisco
44689010280	https://c2.staticflickr.com/5/4900/44689010280_1e19fca0e7.jpg	-122.427948999999998	37.7606210000000004	San Francisco
44689007710	https://c2.staticflickr.com/8/7807/44689007710_e56b2c9fce.jpg	-122.427948999999998	37.7606210000000004	San Francisco
45592759025	https://c2.staticflickr.com/8/7878/45592759025_330a6ea3d0.jpg	-122.428121000000004	37.758229	San Francisco
45592757325	https://c2.staticflickr.com/5/4906/45592757325_914098c919.jpg	-122.428121000000004	37.758229	San Francisco
31566042607	https://c2.staticflickr.com/5/4857/31566042607_a2e731dd4d.jpg	-122.428121000000004	37.758229	San Francisco
46505917241	https://c2.staticflickr.com/5/4806/46505917241_99929a7cec.jpg	-122.428121000000004	37.758229	San Francisco
31566041447	https://c2.staticflickr.com/5/4809/31566041447_76e94674d0.jpg	-122.428121000000004	37.758229	San Francisco
46505916261	https://c2.staticflickr.com/5/4804/46505916261_f249ae61bc.jpg	-122.428121000000004	37.758229	San Francisco
44688999610	https://c2.staticflickr.com/5/4840/44688999610_88c9f19c61.jpg	-122.428121000000004	37.758229	San Francisco
32633020158	https://c2.staticflickr.com/5/4836/32633020158_c53d3f9eae.jpg	-122.428121000000004	37.758229	San Francisco
45583689845	https://c2.staticflickr.com/5/4845/45583689845_a6d3ec2c97.jpg	-122.388284999999996	37.7765399999999971	San Francisco
46255814532	https://c2.staticflickr.com/5/4872/46255814532_6fe578a5a2.jpg	-122.426640000000006	37.7599510000000009	San Francisco
46281066051	https://c2.staticflickr.com/5/4881/46281066051_beae7213dc.jpg	-122.439707999999996	37.7692890000000006	San Francisco
44340234260	https://c2.staticflickr.com/5/4870/44340234260_089e30ec99.jpg	-122.435406	37.7766409999999979	San Francisco
45112986455	https://c2.staticflickr.com/5/4835/45112986455_026a6beacd.jpg	-122.439021999999994	37.7653370000000024	San Francisco
43923058140	https://c2.staticflickr.com/5/4864/43923058140_2e71efa250.jpg	-122.424570000000003	37.7763810000000007	San Francisco
45736627451	https://c2.staticflickr.com/2/1936/45736627451_4e119db160.jpg	-122.467764000000003	37.7705279999999988	San Francisco
45430716291	https://c2.staticflickr.com/2/1932/45430716291_794b900f2b.jpg	-122.495598000000001	37.7713790000000031	San Francisco
44377734244	https://c2.staticflickr.com/2/1971/44377734244_5010b60b4b.jpg	-122.433367000000004	37.7760249999999971	San Francisco
45010882342	https://c2.staticflickr.com/2/1935/45010882342_7dd57c50f8.jpg	-122.467979	37.7674579999999978	San Francisco
44134378984	https://c2.staticflickr.com/2/1861/44134378984_af3d644ed9.jpg	-122.401934999999995	37.7856469999999973	San Francisco
44632452802	https://c2.staticflickr.com/2/1848/44632452802_ccb1f5beaf.jpg	-122.391492999999997	37.7896179999999973	San Francisco
44663211091	https://c2.staticflickr.com/2/1890/44663211091_0ed27eaca7.jpg	-122.434419000000005	37.7755590000000012	San Francisco
42776773470	https://c2.staticflickr.com/2/1845/42776773470_058a2dcdae.jpg	-122.474287000000004	37.7688449999999989	San Francisco
44522200061	https://c2.staticflickr.com/2/1884/44522200061_501e0673b5.jpg	-122.466417000000007	37.7699989999999985	San Francisco
45699706824	https://c2.staticflickr.com/5/4830/45699706824_7ed4436472.jpg	-122.433593000000002	37.769323	San Francisco
45820978862	https://c2.staticflickr.com/2/1957/45820978862_b293e68bd1.jpg	-122.470071000000004	37.7701800000000034	San Francisco
31646950738	https://c2.staticflickr.com/2/1943/31646950738_508c479bc1.jpg	-122.435095000000004	37.776297999999997	San Francisco
44583667474	https://c2.staticflickr.com/2/1939/44583667474_565d36118c.jpg	-122.402206000000007	37.8019329999999982	San Francisco
30229473727	https://c2.staticflickr.com/2/1961/30229473727_1c13850801.jpg	-122.407464000000004	37.7873799999999989	San Francisco
44103577495	https://c2.staticflickr.com/2/1936/44103577495_3ec013501b.jpg	-122.397737000000006	37.7891550000000009	San Francisco
44103570885	https://c2.staticflickr.com/2/1914/44103570885_3d964cd0fa.jpg	-122.397737000000006	37.7891550000000009	San Francisco
44277346454	https://c2.staticflickr.com/2/1965/44277346454_2a99ae0863.jpg	-122.433209000000005	37.7761020000000016	San Francisco
44069659565	https://c2.staticflickr.com/2/1902/44069659565_36cd4fc2b7.jpg	-122.398295000000005	37.7886969999999991	San Francisco
31107815038	https://c2.staticflickr.com/2/1957/31107815038_284ecfc372.jpg	-122.433785999999998	37.7764329999999973	San Francisco
44872400522	https://c2.staticflickr.com/2/1920/44872400522_5848e6d52c.jpg	-122.397565	37.7893049999999988	San Francisco
44592240072	https://c2.staticflickr.com/2/1898/44592240072_45806f84e8.jpg	-122.443934999999996	37.7713040000000007	San Francisco
42832276480	https://c2.staticflickr.com/2/1863/42832276480_1ffb436a83.jpg	-122.469769999999997	37.770074000000001	San Francisco
30715073768	https://c2.staticflickr.com/2/1884/30715073768_ba83afdff3.jpg	-122.458676999999994	37.7700800000000001	San Francisco
43395940501	https://c2.staticflickr.com/2/1804/43395940501_8e0bf6de30.jpg	-122.350814	38.255588000000003	Napa
15415101296	https://c2.staticflickr.com/4/3930/15415101296_d03d0cc2cb.jpg	-122.305616999999998	38.3556250000000034	Napa
32133422657	https://c2.staticflickr.com/8/7881/32133422657_35c50abdd3.jpg	116.356200999999999	39.9307999999999979	Beijing
33077726458	https://c2.staticflickr.com/5/4886/33077726458_e7b6350546.jpg	116.390181999999996	39.9232089999999999	Beijing
33041829968	https://c2.staticflickr.com/8/7807/33041829968_c4944ae87b.jpg	116.390789999999996	39.9148959999999988	Beijing
33040687088	https://c2.staticflickr.com/8/7897/33040687088_03825f74e7.jpg	116.390789999999996	39.9148959999999988	Beijing
46852521122	https://c2.staticflickr.com/5/4859/46852521122_5c81c05492.jpg	116.391541000000004	39.9011110000000002	Beijing
46818665172	https://c2.staticflickr.com/8/7909/46818665172_f4aef7e7c1.jpg	116.431512999999995	39.949421000000001	Beijing
46815387452	https://c2.staticflickr.com/8/7811/46815387452_a21068161e.jpg	116.382164000000003	39.9046250000000029	Beijing
46718186292	https://c2.staticflickr.com/5/4846/46718186292_3c0b2b6a1c.jpg	116.406250999999997	39.8818559999999991	Beijing
32791177278	https://c2.staticflickr.com/8/7896/32791177278_fe1ef824bc.jpg	116.367851999999999	39.905934000000002	Beijing
31708962807	https://c2.staticflickr.com/8/7883/31708962807_c0c929a3a2.jpg	116.388795000000002	39.9197389999999999	Beijing
32688777898	https://c2.staticflickr.com/8/7813/32688777898_00524f4a56.jpg	116.390898000000007	39.9115269999999995	Beijing
45616192495	https://c2.staticflickr.com/5/4838/45616192495_62027c08cf.jpg	116.391498999999996	39.9134719999999987	Beijing
46424936752	https://c2.staticflickr.com/5/4834/46424936752_dd2f2cba08.jpg	116.391154999999998	39.9073289999999972	Beijing
45656506414	https://c2.staticflickr.com/5/4913/45656506414_bb7693418d.jpg	116.420488000000006	39.9150020000000012	Beijing
46364366161	https://c2.staticflickr.com/5/4857/46364366161_1abcef9cbb.jpg	116.390328999999994	39.9258150000000001	Beijing
32478398828	https://c2.staticflickr.com/5/4836/32478398828_7e1e9e5887.jpg	116.415938999999995	39.9438969999999998	Beijing
45604371224	https://c2.staticflickr.com/5/4876/45604371224_9159762383.jpg	116.390328999999994	39.9258150000000001	Beijing
46309949451	https://c2.staticflickr.com/5/4806/46309949451_4d00dfe50e.jpg	116.389287999999993	39.9400959999999969	Beijing
45338583865	https://c2.staticflickr.com/2/1970/45338583865_d990afbdc0.jpg	116.425555000000003	39.8641659999999973	Beijing
44418212150	https://c2.staticflickr.com/5/4892/44418212150_05d7655f00.jpg	116.390748000000002	39.9173720000000003	Beijing
46224604691	https://c2.staticflickr.com/5/4915/46224604691_0873ab264f.jpg	116.391277000000002	39.9066019999999995	Beijing
44355995920	https://c2.staticflickr.com/5/4891/44355995920_a0a5776528.jpg	116.390748000000002	39.9173720000000003	Beijing
32263755008	https://c2.staticflickr.com/5/4867/32263755008_594fa21937.jpg	116.386413000000005	39.9073479999999989	Beijing
45403284124	https://c2.staticflickr.com/5/4835/45403284124_7cd633c11d.jpg	116.406943999999996	39.8825000000000003	Beijing
44288009150	https://c2.staticflickr.com/5/4809/44288009150_584ed56c54.jpg	116.385446999999999	39.9453280000000035	Beijing
32221601458	https://c2.staticflickr.com/5/4812/32221601458_b751bb1193.jpg	116.448296999999997	39.9366410000000016	Beijing
45159526395	https://c2.staticflickr.com/5/4814/45159526395_e628f2a42c.jpg	116.387163999999999	39.9376279999999966	Beijing
44240764160	https://c2.staticflickr.com/5/4892/44240764160_f24790fc8a.jpg	116.396755999999996	39.9347819999999984	Beijing
45130682475	https://c2.staticflickr.com/5/4900/45130682475_8d1260aee7.jpg	116.392807000000005	39.9058179999999965	Beijing
45987804002	https://c2.staticflickr.com/5/4811/45987804002_456baae5eb.jpg	116.392700000000005	39.9224900000000034	Beijing
45968039202	https://c2.staticflickr.com/5/4896/45968039202_540c05de5b.jpg	116.395318000000003	39.903728000000001	Beijing
32141384868	https://c2.staticflickr.com/5/4814/32141384868_ee1b163fd1.jpg	116.391563000000005	39.9234280000000012	Beijing
32047115768	https://c2.staticflickr.com/5/4873/32047115768_88ff11ecd9.jpg	116.389652999999996	39.9179150000000007	Beijing
30964403757	https://c2.staticflickr.com/5/4909/30964403757_71cc17c6d0.jpg	116.390603999999996	39.9202250000000021	Beijing
45824048042	https://c2.staticflickr.com/5/4890/45824048042_73667c6338.jpg	116.389752999999999	39.9395310000000023	Beijing
45309365465	https://c2.staticflickr.com/5/4889/45309365465_280f0f270e.jpg	-122.428368000000006	37.792110000000001	San Francisco
46057752712	https://c2.staticflickr.com/5/4883/46057752712_874fe02ea3.jpg	-122.427998000000002	37.7609520000000032	San Francisco
30893849637	https://c2.staticflickr.com/5/4823/30893849637_71778c3694.jpg	-122.479704999999996	37.8235540000000015	San Francisco
45740818131	https://c2.staticflickr.com/5/4842/45740818131_e67c63c552.jpg	-122.424570000000003	37.7763810000000007	San Francisco
31557248198	https://c2.staticflickr.com/2/1942/31557248198_972545b16d.jpg	-122.486698000000004	37.766725000000001	San Francisco
43302291240	https://c2.staticflickr.com/2/1929/43302291240_ec1b7fc2de.jpg	-122.471766000000002	37.7566690000000023	San Francisco
44149199675	https://c2.staticflickr.com/2/1965/44149199675_136671e95c.jpg	-122.470220999999995	37.7689590000000024	San Francisco
44147725275	https://c2.staticflickr.com/2/1954/44147725275_36b97ab38d.jpg	-122.469631000000007	37.7687809999999971	San Francisco
44721628062	https://c2.staticflickr.com/2/1886/44721628062_df32f8480c.jpg	-122.411051	37.8012050000000031	San Francisco
43772766175	https://c2.staticflickr.com/2/1897/43772766175_6d22f77bb6.jpg	-122.416372999999993	37.7795950000000005	San Francisco
29703877877	https://c2.staticflickr.com/2/1900/29703877877_97c33be5e7.jpg	-122.470296000000005	37.7701419999999999	San Francisco
44522209781	https://c2.staticflickr.com/2/1866/44522209781_a7a0acd326.jpg	-122.466380999999998	37.7700219999999973	San Francisco
31566049987	https://c2.staticflickr.com/5/4901/31566049987_11b54d7405.jpg	-122.444837000000007	37.7229770000000002	San Francisco
31038061497	https://c2.staticflickr.com/5/4883/31038061497_95963fec80.jpg	-122.427133999999995	37.7600279999999984	San Francisco
45021189664	https://c2.staticflickr.com/5/4833/45021189664_e0e08bef6f.jpg	-122.427660000000003	37.7584919999999968	San Francisco
45362215461	https://c2.staticflickr.com/2/1945/45362215461_f049789911.jpg	-122.430781999999994	37.8049689999999998	San Francisco
45257407022	https://c2.staticflickr.com/2/1968/45257407022_19370c28c9.jpg	-122.402206000000007	37.8019329999999982	San Francisco
31274122278	https://c2.staticflickr.com/2/1978/31274122278_8fb48c5fd7.jpg	-122.410459000000003	37.801046999999997	San Francisco
44103573545	https://c2.staticflickr.com/2/1957/44103573545_29cde7d97e.jpg	-122.397737000000006	37.7891550000000009	San Francisco
30065640687	https://c2.staticflickr.com/2/1935/30065640687_c01f08557c.jpg	-122.433209000000005	37.7760219999999975	San Francisco
44275429484	https://c2.staticflickr.com/2/1908/44275429484_1d2a264f79.jpg	-122.433484000000007	37.7772629999999978	San Francisco
44981071281	https://c2.staticflickr.com/2/1953/44981071281_4499f2fa5d.jpg	-122.398295000000005	37.7886969999999991	San Francisco
44922085861	https://c2.staticflickr.com/2/1940/44922085861_4eb851e0b7.jpg	-122.397565	37.7893049999999988	San Francisco
42832847840	https://c2.staticflickr.com/2/1874/42832847840_560ff4dedf.jpg	-122.426361999999997	37.7918549999999982	San Francisco
42832305910	https://c2.staticflickr.com/2/1864/42832305910_28b3e401b4.jpg	-122.476293999999996	37.7676149999999993	San Francisco
29703875697	https://c2.staticflickr.com/2/1889/29703875697_ef6e36c5f0.jpg	-122.467720999999997	37.7717870000000033	San Francisco
15415100516	https://c2.staticflickr.com/6/5598/15415100516_35623eb54d.jpg	-122.305616999999998	38.3556250000000034	Napa
29302454497	https://c2.staticflickr.com/2/1890/29302454497_ac4f341279.jpg	139.766682000000003	35.6730810000000034	Tokyo
11128812273	https://c2.staticflickr.com/4/3771/11128812273_956e1dc427.jpg	116.39085	39.8959410000000005	Beijing
46980250621	https://c2.staticflickr.com/8/7802/46980250621_9cbf806992.jpg	116.356200999999999	39.9307999999999979	Beijing
46212953444	https://c2.staticflickr.com/8/7834/46212953444_0d19d51b60.jpg	116.405175	39.9160329999999988	Beijing
31974828107	https://c2.staticflickr.com/8/7846/31974828107_22310c9c06.jpg	116.390789999999996	39.9148959999999988	Beijing
46181934714	https://c2.staticflickr.com/5/4874/46181934714_2c812d3ac2.jpg	116.390468999999996	39.9234530000000021	Beijing
46818968092	https://c2.staticflickr.com/8/7864/46818968092_8da1ab94ba.jpg	116.391240999999994	39.9068060000000031	Beijing
46818664912	https://c2.staticflickr.com/8/7846/46818664912_5f32fb7f2e.jpg	116.431512999999995	39.949421000000001	Beijing
31925929747	https://c2.staticflickr.com/5/4858/31925929747_5bc0d4a8b3.jpg	116.389542000000006	39.9411879999999968	Beijing
46698781402	https://c2.staticflickr.com/8/7819/46698781402_2d616f69fe.jpg	116.390190000000004	39.9236590000000007	Beijing
31708983067	https://c2.staticflickr.com/5/4804/31708983067_ac48fd4e07.jpg	116.391638	39.9182020000000009	Beijing
45863174644	https://c2.staticflickr.com/8/7852/45863174644_8902667a14.jpg	116.449755999999994	39.9519900000000021	Beijing
31621422567	https://c2.staticflickr.com/5/4899/31621422567_3b6d9e80de.jpg	116.390662000000006	39.917862999999997	Beijing
45611709005	https://c2.staticflickr.com/5/4911/45611709005_51b322ee6a.jpg	116.391498999999996	39.9134719999999987	Beijing
45518022415	https://c2.staticflickr.com/8/7884/45518022415_3ab6d62b5c.jpg	116.442888999999994	39.9293660000000017	Beijing
45457098775	https://c2.staticflickr.com/5/4856/45457098775_1dbe435fff.jpg	116.438254999999998	39.9431730000000016	Beijing
45641422234	https://c2.staticflickr.com/5/4889/45641422234_c2cd536491.jpg	116.390328999999994	39.9258150000000001	Beijing
32478397718	https://c2.staticflickr.com/5/4841/32478397718_d371720487.jpg	116.415938999999995	39.9438969999999998	Beijing
46327635291	https://c2.staticflickr.com/5/4859/46327635291_ef61a9db26.jpg	116.390328999999994	39.9258150000000001	Beijing
31371119027	https://c2.staticflickr.com/5/4891/31371119027_5754b03e26.jpg	116.389287999999993	39.9400959999999969	Beijing
44421220070	https://c2.staticflickr.com/5/4899/44421220070_36d505a3b8.jpg	116.392776999999995	39.9025000000000034	Beijing
44417984190	https://c2.staticflickr.com/5/4881/44417984190_7001c2b2d1.jpg	116.390511000000004	39.921799	Beijing
44383612000	https://c2.staticflickr.com/5/4895/44383612000_e052a05b37.jpg	116.390748000000002	39.9173720000000003	Beijing
45253825175	https://c2.staticflickr.com/5/4878/45253825175_0875e5811d.jpg	116.448350000000005	39.9374249999999975	Beijing
46077254782	https://c2.staticflickr.com/5/4859/46077254782_c6d0935ee9.jpg	116.392163999999994	39.9220630000000014	Beijing
45403212244	https://c2.staticflickr.com/5/4877/45403212244_2a6dfae171.jpg	116.387221999999994	39.9375	Beijing
32232922588	https://c2.staticflickr.com/5/4884/32232922588_1d09729af5.jpg	116.385446999999999	39.9453280000000035	Beijing
44255315150	https://c2.staticflickr.com/5/4838/44255315150_4057ed0e11.jpg	116.387163999999999	39.9376279999999966	Beijing
45159523425	https://c2.staticflickr.com/5/4859/45159523425_2872c60d14.jpg	116.387163999999999	39.9376279999999966	Beijing
31117691497	https://c2.staticflickr.com/5/4899/31117691497_12ebb17dcc.jpg	116.385726000000005	39.9447189999999992	Beijing
45130651285	https://c2.staticflickr.com/5/4806/45130651285_af88f048fd.jpg	116.404995	39.911596000000003	Beijing
44206208330	https://c2.staticflickr.com/5/4915/44206208330_80a53bdd63.jpg	116.388130000000004	39.9182610000000011	Beijing
46015648351	https://c2.staticflickr.com/5/4807/46015648351_1b6d52afa5.jpg	116.394288000000003	39.9138670000000033	Beijing
45940710191	https://c2.staticflickr.com/5/4846/45940710191_3ec309e111.jpg	116.460398999999995	39.9138499999999965	Beijing
32040996128	https://c2.staticflickr.com/5/4843/32040996128_c4a61e27b0.jpg	116.460398999999995	39.9138499999999965	Beijing
44983867615	https://c2.staticflickr.com/5/4844/44983867615_4765bd7425.jpg	116.395017999999993	39.9037110000000013	Beijing
44960380555	https://c2.staticflickr.com/5/4835/44960380555_bdc26338f2.jpg	116.389752999999999	39.9395310000000023	Beijing
30925085667	https://c2.staticflickr.com/5/4836/30925085667_72bcba302a.jpg	116.395017999999993	39.9037110000000013	Beijing
45828542261	https://c2.staticflickr.com/5/4831/45828542261_37d8ebc5bc.jpg	116.384996999999998	39.9218490000000017	Beijing
44873492535	https://c2.staticflickr.com/2/1924/44873492535_59de57f9b5.jpg	116.395017999999993	39.9037110000000013	Beijing
43960805470	https://c2.staticflickr.com/5/4875/43960805470_a99b1ceb8a.jpg	116.406372000000005	39.8827500000000015	Beijing
46828933301	https://c2.staticflickr.com/5/4888/46828933301_bc74bd2e8d.jpg	116.356200999999999	39.9307999999999979	Beijing
45868870424	https://c2.staticflickr.com/5/4889/45868870424_efdacd24e1.jpg	116.426888000000005	39.9192549999999997	Beijing
46376924152	https://c2.staticflickr.com/8/7830/46376924152_e5aba98460.jpg	116.349333999999999	39.9695060000000026	Beijing
32478400138	https://c2.staticflickr.com/5/4862/32478400138_b48eabb317.jpg	116.415938999999995	39.9438969999999998	Beijing
31387203297	https://c2.staticflickr.com/5/4874/31387203297_f02fa1a42c.jpg	116.385726000000005	39.9255350000000035	Beijing
44483311520	https://c2.staticflickr.com/5/4837/44483311520_db151f61e2.jpg	116.392499999999998	39.9058330000000012	Beijing
46200794681	https://c2.staticflickr.com/5/4857/46200794681_19fe8de639.jpg	116.390748000000002	39.9173720000000003	Beijing
45400072524	https://c2.staticflickr.com/5/4805/45400072524_1ceeb9e5e0.jpg	116.385962000000006	39.9057519999999997	Beijing
31103247947	https://c2.staticflickr.com/5/4890/31103247947_91a07907f5.jpg	116.404995	39.911596000000003	Beijing
32025280908	https://c2.staticflickr.com/5/4856/32025280908_326eda9e08.jpg	116.395017999999993	39.9037110000000013	Beijing
31901940188	https://c2.staticflickr.com/2/1957/31901940188_54f8351b72.jpg	116.389752999999999	39.9395310000000023	Beijing
44047557450	https://c2.staticflickr.com/5/4813/44047557450_9c3a1a7fe0.jpg	116.395017999999993	39.9037110000000013	Beijing
45747842052	https://c2.staticflickr.com/5/4827/45747842052_66a7cda606.jpg	116.367187000000001	39.9202689999999976	Beijing
45736305972	https://c2.staticflickr.com/5/4819/45736305972_b17853298e.jpg	116.395017999999993	39.9037110000000013	Beijing
45725167452	https://c2.staticflickr.com/2/1959/45725167452_48d1873ffd.jpg	116.383525000000006	39.9047049999999999	Beijing
46773842122	https://c2.staticflickr.com/5/4914/46773842122_7abd2e55db.jpg	116.404933	39.9159939999999978	Beijing
46593168361	https://c2.staticflickr.com/8/7819/46593168361_299f583361.jpg	116.428250000000006	39.9202439999999967	Beijing
31458843497	https://c2.staticflickr.com/5/4819/31458843497_4fe9425d87.jpg	116.469196999999994	39.9478000000000009	Beijing
44533557780	https://c2.staticflickr.com/5/4866/44533557780_543aa22980.jpg	116.415938999999995	39.9438969999999998	Beijing
46309950641	https://c2.staticflickr.com/5/4806/46309950641_640486e519.jpg	116.389287999999993	39.9400959999999969	Beijing
46200796161	https://c2.staticflickr.com/5/4868/46200796161_aabd381d07.jpg	116.390748000000002	39.9173720000000003	Beijing
46200793931	https://c2.staticflickr.com/5/4860/46200793931_911148debd.jpg	116.390748000000002	39.9173720000000003	Beijing
46104270281	https://c2.staticflickr.com/5/4851/46104270281_00b04127c9.jpg	116.385446999999999	39.9453280000000035	Beijing
45108272785	https://c2.staticflickr.com/5/4873/45108272785_f2fbefe49d.jpg	116.459003999999993	39.9479359999999986	Beijing
45827526171	https://c2.staticflickr.com/5/4859/45827526171_f538626fc5.jpg	116.390682999999996	39.9185900000000018	Beijing
\.


--
-- Data for Name: trip_photos_rel; Type: TABLE DATA; Schema: public; Owner: vagrant
--

COPY public.trip_photos_rel (relationship_id, trip_id, photo_id) FROM stdin;
1	4	32145040697
2	3	43534601602
3	3	46156163945
4	3	32760554098
5	3	46281066051
6	4	46061720665
7	4	33033598568
8	4	46384795791
9	4	44554263890
\.


--
-- Data for Name: trip_user_likes_rel; Type: TABLE DATA; Schema: public; Owner: vagrant
--

COPY public.trip_user_likes_rel (relationship_id, trip_id, user_id) FROM stdin;
1	1	1
2	1	2
3	1	3
4	3	4
5	3	5
6	3	1
\.


--
-- Data for Name: trips; Type: TABLE DATA; Schema: public; Owner: vagrant
--

COPY public.trips (trip_id, name, user_id, city_name) FROM stdin;
1	taySF	1	San Francisco
2	Ellen Tokyo	5	Tokyo
3	Ellen SF	5	San Francisco
4	Ellen Napa	5	Napa
\.


--
-- Data for Name: users; Type: TABLE DATA; Schema: public; Owner: vagrant
--

COPY public.users (user_id, fname, lname, email, password) FROM stdin;
1	Taylor	Swift	taylor@gmail.com	Ilovecats1
2	Bob	Barker	bob@yahoo.com	Abc123
3	Cindy	Loo	cindy@hotmail.com	Abc123
4	Donald	Duck	duck@gmail.com	Abc123
5	Ellen	Degeneres	ellen@gmail.com	Abc123
\.


--
-- Name: liked_trips_trip_id_seq; Type: SEQUENCE SET; Schema: public; Owner: vagrant
--

SELECT pg_catalog.setval('public.liked_trips_trip_id_seq', 1, false);


--
-- Name: photos_img_id_seq; Type: SEQUENCE SET; Schema: public; Owner: vagrant
--

SELECT pg_catalog.setval('public.photos_img_id_seq', 1, false);


--
-- Name: trip_photos_rel_relationship_id_seq; Type: SEQUENCE SET; Schema: public; Owner: vagrant
--

SELECT pg_catalog.setval('public.trip_photos_rel_relationship_id_seq', 40, true);


--
-- Name: trip_user_likes_rel_relationship_id_seq; Type: SEQUENCE SET; Schema: public; Owner: vagrant
--

SELECT pg_catalog.setval('public.trip_user_likes_rel_relationship_id_seq', 6, true);


--
-- Name: trips_trip_id_seq; Type: SEQUENCE SET; Schema: public; Owner: vagrant
--

SELECT pg_catalog.setval('public.trips_trip_id_seq', 4, true);


--
-- Name: users_user_id_seq; Type: SEQUENCE SET; Schema: public; Owner: vagrant
--

SELECT pg_catalog.setval('public.users_user_id_seq', 5, true);


--
-- Name: cities cities_pkey; Type: CONSTRAINT; Schema: public; Owner: vagrant
--

ALTER TABLE ONLY public.cities
    ADD CONSTRAINT cities_pkey PRIMARY KEY (name);


--
-- Name: liked_trips liked_trips_pkey; Type: CONSTRAINT; Schema: public; Owner: vagrant
--

ALTER TABLE ONLY public.liked_trips
    ADD CONSTRAINT liked_trips_pkey PRIMARY KEY (trip_id);


--
-- Name: photos photos_pkey; Type: CONSTRAINT; Schema: public; Owner: vagrant
--

ALTER TABLE ONLY public.photos
    ADD CONSTRAINT photos_pkey PRIMARY KEY (img_id);


--
-- Name: trip_photos_rel trip_photos_rel_pkey; Type: CONSTRAINT; Schema: public; Owner: vagrant
--

ALTER TABLE ONLY public.trip_photos_rel
    ADD CONSTRAINT trip_photos_rel_pkey PRIMARY KEY (relationship_id);


--
-- Name: trip_user_likes_rel trip_user_likes_rel_pkey; Type: CONSTRAINT; Schema: public; Owner: vagrant
--

ALTER TABLE ONLY public.trip_user_likes_rel
    ADD CONSTRAINT trip_user_likes_rel_pkey PRIMARY KEY (relationship_id);


--
-- Name: trips trips_pkey; Type: CONSTRAINT; Schema: public; Owner: vagrant
--

ALTER TABLE ONLY public.trips
    ADD CONSTRAINT trips_pkey PRIMARY KEY (trip_id);


--
-- Name: users users_email_key; Type: CONSTRAINT; Schema: public; Owner: vagrant
--

ALTER TABLE ONLY public.users
    ADD CONSTRAINT users_email_key UNIQUE (email);


--
-- Name: users users_pkey; Type: CONSTRAINT; Schema: public; Owner: vagrant
--

ALTER TABLE ONLY public.users
    ADD CONSTRAINT users_pkey PRIMARY KEY (user_id);


--
-- Name: photos photos_city_name_fkey; Type: FK CONSTRAINT; Schema: public; Owner: vagrant
--

ALTER TABLE ONLY public.photos
    ADD CONSTRAINT photos_city_name_fkey FOREIGN KEY (city_name) REFERENCES public.cities(name);


--
-- Name: trip_photos_rel trip_photos_rel_photo_id_fkey; Type: FK CONSTRAINT; Schema: public; Owner: vagrant
--

ALTER TABLE ONLY public.trip_photos_rel
    ADD CONSTRAINT trip_photos_rel_photo_id_fkey FOREIGN KEY (photo_id) REFERENCES public.photos(img_id);


--
-- Name: trip_photos_rel trip_photos_rel_trip_id_fkey; Type: FK CONSTRAINT; Schema: public; Owner: vagrant
--

ALTER TABLE ONLY public.trip_photos_rel
    ADD CONSTRAINT trip_photos_rel_trip_id_fkey FOREIGN KEY (trip_id) REFERENCES public.trips(trip_id);


--
-- Name: trip_user_likes_rel trip_user_likes_rel_trip_id_fkey; Type: FK CONSTRAINT; Schema: public; Owner: vagrant
--

ALTER TABLE ONLY public.trip_user_likes_rel
    ADD CONSTRAINT trip_user_likes_rel_trip_id_fkey FOREIGN KEY (trip_id) REFERENCES public.trips(trip_id);


--
-- Name: trip_user_likes_rel trip_user_likes_rel_trip_id_fkey1; Type: FK CONSTRAINT; Schema: public; Owner: vagrant
--

ALTER TABLE ONLY public.trip_user_likes_rel
    ADD CONSTRAINT trip_user_likes_rel_trip_id_fkey1 FOREIGN KEY (trip_id) REFERENCES public.liked_trips(trip_id);


--
-- Name: trip_user_likes_rel trip_user_likes_rel_user_id_fkey; Type: FK CONSTRAINT; Schema: public; Owner: vagrant
--

ALTER TABLE ONLY public.trip_user_likes_rel
    ADD CONSTRAINT trip_user_likes_rel_user_id_fkey FOREIGN KEY (user_id) REFERENCES public.users(user_id);


--
-- Name: trips trips_city_name_fkey; Type: FK CONSTRAINT; Schema: public; Owner: vagrant
--

ALTER TABLE ONLY public.trips
    ADD CONSTRAINT trips_city_name_fkey FOREIGN KEY (city_name) REFERENCES public.cities(name);


--
-- Name: trips trips_user_id_fkey; Type: FK CONSTRAINT; Schema: public; Owner: vagrant
--

ALTER TABLE ONLY public.trips
    ADD CONSTRAINT trips_user_id_fkey FOREIGN KEY (user_id) REFERENCES public.users(user_id);


--
-- PostgreSQL database dump complete
--

